"popul","TVnews","selfLR","ClinLR","DoleLR","PID","age","educ","income","vote"
0,7,"extCon","extLib","Con","Republican",36,"HS",1.5,"Dole"
190,1,"sliLib","sliLib","sliCon","Democrat",20,"Coll",1.5,"Clinton"
31,7,"Lib","Lib","Con","Democrat",24,"BAdeg",1.5,"Clinton"
83,4,"sliLib","Mod","sliCon","Democrat",28,"BAdeg",1.5,"Clinton"
640,7,"sliCon","Con","Mod","Democrat",68,"BAdeg",1.5,"Clinton"
110,3,"sliLib","Mod","Con","Democrat",21,"Coll",1.5,"Clinton"
100,7,"sliCon","Con","Mod","Democrat",77,"Coll",1.5,"Clinton"
31,1,"sliCon","Mod","sliCon","Independent",21,"Coll",1.5,"Clinton"
180,7,"Mod","Con","sliLib","Independent",31,"Coll",1.5,"Clinton"
2800,0,"sliLib","sliLib","extCon","Democrat",39,"HS",1.5,"Clinton"
1600,0,"sliLib","Lib","Mod","Independent",26,"HSdrop",1.5,"Clinton"
330,5,"Mod","sliLib","Con","Democrat",31,"Coll",1.5,"Clinton"
190,2,"sliCon","Mod","Con","Republican",22,"Coll",1.5,"Dole"
100,7,"Mod","Mod","Con","Democrat",42,"CCdeg",1.5,"Clinton"
1000,7,"sliCon","extCon","Mod","Democrat",74,"MS",1.5,"Clinton"
0,7,"Con","extCon","sliCon","Democrat",62,"HS",1.5,"Clinton"
130,7,"Mod","Mod","sliCon","Democrat",58,"HS",1.5,"Clinton"
5,5,"sliLib","sliLib","Con","Democrat",24,"BAdeg",1.5,"Clinton"
33,7,"Con","Lib","Con","Republican",51,"Coll",1.5,"Dole"
19,2,"Lib","extLib","Mod","Democrat",36,"HS",4,"Clinton"
74,7,"Mod","Mod","extCon","Independent",88,"HSdrop",4,"Clinton"
190,0,"Lib","Mod","Con","Independent",20,"Coll",4,"Clinton"
12,3,"Mod","Con","sliLib","Independent",27,"HS",4,"Clinton"
0,7,"Con","extLib","Con","Republican",44,"Coll",4,"Dole"
19,0,"Mod","Lib","Lib","Democrat",45,"HS",4,"Clinton"
0,2,"Mod","sliLib","Con","Democrat",21,"Coll",4,"Clinton"
390,5,"sliLib","Mod","extCon","Democrat",40,"CCdeg",4,"Clinton"
40,7,"Mod","sliLib","Mod","Democrat",40,"BAdeg",4,"Clinton"
3,3,"sliCon","sliCon","Mod","Democrat",48,"HS",4,"Clinton"
450,3,"Mod","extCon","extLib","Democrat",34,"HS",4,"Clinton"
350,0,"sliLib","Mod","extCon","Independent",26,"HSdrop",4,"Clinton"
64,3,"Mod","Mod","Lib","Democrat",60,"HSdrop",6,"Clinton"
3,0,"Mod","Mod","sliLib","Democrat",32,"HS",6,"Clinton"
0,1,"Mod","sliLib","extCon","Democrat",31,"HS",6,"Clinton"
640,7,"extCon","sliCon","extCon","Independent",33,"HS",6,"Dole"
0,7,"sliLib","Mod","Con","Democrat",57,"HS",6,"Clinton"
12,7,"Mod","sliLib","Con","Democrat",84,"HS",6,"Clinton"
62,6,"extCon","Lib","extCon","Republican",75,"HS",6,"Dole"
31,2,"extCon","Lib","Con","Republican",19,"Coll",6,"Dole"
0,1,"sliLib","Lib","Con","Democrat",47,"BAdeg",6,"Clinton"
180,6,"sliCon","sliCon","sliCon","Democrat",51,"HSdrop",6,"Clinton"
640,3,"Con","Mod","Mod","Republican",40,"HS",6,"Clinton"
110,0,"Lib","sliLib","Con","Democrat",22,"BAdeg",6,"Clinton"
100,1,"extCon","extCon","sliCon","Republican",35,"HSdrop",6,"Clinton"
100,7,"Mod","Mod","extCon","Independent",43,"CCdeg",6,"Clinton"
11,3,"Con","Con","sliLib","Independent",76,"BAdeg",6,"Clinton"
0,7,"Mod","sliLib","extLib","Republican",45,"HS",6,"Dole"
4,7,"Mod","Con","Con","Democrat",88,"HSdrop",6,"Clinton"
35,6,"Mod","Mod","Lib","Democrat",46,"HS",8,"Clinton"
0,1,"sliLib","Mod","sliCon","Independent",22,"BAdeg",8,"Clinton"
0,7,"sliCon","extLib","Con","Republican",68,"HS",8,"Dole"
0,2,"sliCon","Lib","Con","Republican",38,"HS",8,"Dole"
33,7,"Mod","sliLib","Con","Independent",69,"HSdrop",8,"Clinton"
270,2,"sliCon","Mod","sliLib","Democrat",67,"HS",8,"Clinton"
45,7,"Lib","Mod","Con","Democrat",88,"Coll",8,"Clinton"
40,3,"Con","Lib","sliCon","Republican",68,"HS",8,"Dole"
6,1,"sliCon","Lib","Mod","Independent",76,"HS",8,"Dole"
2,7,"Mod","Mod","Con","Democrat",72,"HSdrop",8,"Clinton"
0,0,"Con","Lib","Con","Republican",37,"BAdeg",8,"Dole"
35,3,"Mod","Lib","Con","Democrat",69,"HS",8,"Clinton"
83,0,"Lib","Mod","Con","Democrat",33,"BAdeg",8,"Clinton"
3500,7,"Lib","Lib","Con","Democrat",34,"Coll",8,"Clinton"
100,2,"Mod","Mod","extCon","Independent",30,"HS",8,"Clinton"
350,2,"sliLib","sliLib","Con","Democrat",19,"HS",8,"Clinton"
100,3,"Mod","Con","Lib","Democrat",44,"HS",8,"Clinton"
67,1,"Mod","Mod","extCon","Democrat",64,"HS",8,"Clinton"
30,5,"extCon","extCon","Lib","Democrat",37,"Coll",8,"Clinton"
0,7,"Con","sliLib","sliCon","Independent",31,"CCdeg",9.5,"Dole"
0,0,"Con","extLib","sliCon","Independent",88,"Coll",9.5,"Dole"
6,7,"Con","Lib","Con","Republican",77,"Coll",9.5,"Dole"
350,1,"Mod","sliCon","Con","Republican",30,"BAdeg",9.5,"Clinton"
400,1,"Lib","sliLib","extCon","Democrat",32,"Coll",9.5,"Clinton"
15,7,"Con","Lib","Con","Republican",59,"MS",9.5,"Dole"
0,0,"Mod","Mod","Mod","Independent",47,"Coll",9.5,"Clinton"
3,2,"Mod","Con","sliCon","Democrat",22,"HS",9.5,"Clinton"
22,5,"Mod","Lib","Con","Independent",55,"HS",9.5,"Clinton"
64,2,"Lib","extLib","sliLib","Democrat",24,"HSdrop",9.5,"Clinton"
32,5,"sliLib","extCon","Mod","Democrat",65,"MS",9.5,"Clinton"
390,7,"sliLib","Con","Lib","Independent",24,"HS",9.5,"Clinton"
0,7,"sliLib","Mod","sliCon","Independent",30,"HS",9.5,"Clinton"
0,7,"Mod","sliCon","Lib","Independent",73,"HS",9.5,"Clinton"
59,5,"sliLib","sliLib","sliCon","Democrat",73,"CCdeg",9.5,"Clinton"
0,6,"Mod","sliLib","Con","Independent",91,"MS",9.5,"Clinton"
35,7,"sliLib","Lib","sliCon","Democrat",71,"HSdrop",9.5,"Clinton"
0,2,"Con","Mod","sliCon","Independent",34,"Coll",9.5,"Dole"
170,7,"Mod","sliLib","Lib","Democrat",48,"HSdrop",10.5,"Clinton"
12,1,"Con","Lib","Con","Republican",42,"Coll",10.5,"Dole"
40,4,"Con","sliCon","Mod","Democrat",72,"HSdrop",10.5,"Clinton"
31,2,"sliLib","Mod","Con","Republican",20,"Coll",10.5,"Dole"
31,7,"Lib","Lib","extCon","Democrat",22,"Coll",10.5,"Clinton"
1600,1,"sliLib","sliLib","Con","Democrat",24,"BAdeg",10.5,"Clinton"
1,1,"Mod","Lib","extCon","Independent",39,"BAdeg",10.5,"Clinton"
4,7,"Con","extLib","Con","Republican",83,"CCdeg",10.5,"Dole"
190,0,"Con","Lib","Con","Republican",39,"HS",10.5,"Dole"
53,3,"sliCon","sliLib","Con","Democrat",33,"CCdeg",10.5,"Clinton"
31,7,"Mod","sliLib","Con","Democrat",53,"HS",10.5,"Dole"
16,7,"sliCon","sliLib","Con","Republican",82,"HS",10.5,"Dole"
33,5,"Mod","sliLib","sliCon","Republican",82,"HS",10.5,"Dole"
0,3,"sliCon","sliLib","Con","Republican",47,"BAdeg",11.5,"Dole"
0,3,"Mod","Lib","extCon","Independent",68,"HS",11.5,"Clinton"
0,7,"Mod","sliLib","sliCon","Democrat",84,"BAdeg",11.5,"Clinton"
27,2,"Con","extLib","Con","Republican",35,"CCdeg",11.5,"Dole"
84,7,"Mod","sliCon","Con","Democrat",67,"HSdrop",11.5,"Clinton"
22,3,"sliCon","sliLib","sliCon","Independent",33,"HSdrop",11.5,"Dole"
0,3,"sliLib","sliLib","sliCon","Democrat",49,"MAdeg",11.5,"Clinton"
3500,0,"Mod","sliLib","extCon","Democrat",91,"MS",11.5,"Clinton"
390,7,"Mod","sliCon","sliLib","Democrat",43,"HS",11.5,"Clinton"
0,7,"Mod","sliLib","Lib","Republican",65,"Coll",11.5,"Clinton"
16,7,"sliCon","Con","sliLib","Democrat",69,"HS",11.5,"Clinton"
200,0,"sliCon","sliCon","Mod","Democrat",56,"Coll",12.5,"Clinton"
640,0,"Lib","sliLib","sliCon","Democrat",24,"BAdeg",12.5,"Clinton"
0,7,"Mod","Mod","sliCon","Democrat",77,"HS",12.5,"Clinton"
45,7,"Con","sliLib","extCon","Democrat",74,"HS",12.5,"Clinton"
12,0,"extCon","sliLib","Con","Republican",25,"BAdeg",12.5,"Dole"
20,7,"Con","Lib","sliCon","Independent",85,"MS",12.5,"Dole"
7300,5,"extCon","extCon","Con","Independent",21,"HSdrop",12.5,"Clinton"
64,7,"Con","sliLib","extLib","Democrat",24,"Coll",12.5,"Clinton"
13,7,"sliCon","Mod","extCon","Independent",73,"Coll",12.5,"Clinton"
190,0,"Mod","sliCon","sliLib","Independent",37,"HS",12.5,"Clinton"
9,4,"Mod","sliCon","extLib","Independent",35,"Coll",12.5,"Clinton"
0,7,"Mod","Mod","extCon","Democrat",47,"HS",12.5,"Clinton"
170,2,"Mod","Lib","Con","Republican",21,"HS",12.5,"Dole"
640,7,"sliLib","Con","Mod","Democrat",55,"CCdeg",12.5,"Clinton"
9,4,"Con","sliLib","Con","Republican",30,"BAdeg",12.5,"Dole"
0,4,"sliCon","sliLib","Con","Independent",76,"MAdeg",12.5,"Dole"
7300,5,"sliLib","Mod","sliLib","Independent",36,"Coll",12.5,"Clinton"
2800,0,"extLib","extLib","extCon","Democrat",38,"HS",13.5,"Clinton"
0,7,"Lib","sliLib","sliCon","Democrat",67,"HS",13.5,"Clinton"
30,7,"extCon","sliLib","extCon","Republican",70,"HSdrop",13.5,"Dole"
44,7,"sliCon","sliLib","extCon","Independent",78,"Coll",13.5,"Clinton"
7300,1,"Lib","Lib","extCon","Independent",27,"BAdeg",13.5,"Clinton"
330,4,"sliLib","sliCon","Con","Democrat",51,"Coll",13.5,"Clinton"
3,0,"Con","extCon","sliLib","Republican",33,"Coll",13.5,"Clinton"
51,2,"Con","extLib","sliCon","Republican",80,"BAdeg",13.5,"Dole"
29,5,"Mod","extLib","Con","Democrat",79,"MS",13.5,"Clinton"
630,2,"Con","Mod","sliCon","Independent",66,"MS",13.5,"Dole"
170,0,"Mod","extLib","Con","Democrat",32,"HS",14.5,"Clinton"
33,7,"Mod","sliCon","extCon","Democrat",70,"HSdrop",14.5,"Clinton"
0,3,"Lib","sliLib","Con","Independent",42,"HS",14.5,"Clinton"
9,5,"sliCon","Mod","sliCon","Republican",73,"Coll",14.5,"Dole"
22,4,"Mod","Mod","Con","Democrat",87,"HSdrop",14.5,"Clinton"
100,0,"extCon","sliCon","extLib","Democrat",30,"CCdeg",14.5,"Clinton"
2,2,"Mod","Mod","sliCon","Independent",52,"HS",14.5,"Clinton"
0,6,"sliCon","sliLib","Con","Democrat",62,"Coll",14.5,"Clinton"
50,7,"Con","sliLib","Mod","Democrat",67,"HS",14.5,"Clinton"
15,4,"Con","sliLib","Mod","Independent",37,"BAdeg",14.5,"Clinton"
3,4,"sliLib","sliCon","extCon","Democrat",37,"Coll",14.5,"Clinton"
720,5,"extLib","sliCon","Con","Democrat",64,"BAdeg",14.5,"Clinton"
640,7,"extLib","extLib","sliCon","Democrat",34,"HS",14.5,"Clinton"
5,7,"Mod","Mod","extCon","Democrat",70,"HS",14.5,"Clinton"
24,2,"Con","Lib","Con","Republican",31,"CCdeg",14.5,"Dole"
22,7,"Lib","Lib","Con","Democrat",29,"BAdeg",16,"Clinton"
55,7,"Mod","sliCon","Mod","Democrat",71,"HSdrop",16,"Clinton"
0,2,"Mod","Mod","Mod","Democrat",67,"MS",16,"Clinton"
1600,5,"Mod","Mod","Con","Democrat",41,"MAdeg",16,"Clinton"
170,6,"extLib","Lib","Con","Democrat",49,"BAdeg",16,"Clinton"
1000,7,"Mod","Mod","sliCon","Democrat",42,"CCdeg",16,"Clinton"
63,0,"Con","sliLib","Lib","Democrat",78,"HSdrop",16,"Clinton"
110,0,"Mod","extLib","Con","Democrat",24,"HS",16,"Clinton"
16,7,"Mod","Con","Con","Democrat",29,"HS",16,"Clinton"
100,3,"Mod","Lib","Con","Republican",39,"CCdeg",16,"Dole"
7300,3,"sliCon","sliLib","Con","Democrat",19,"Coll",16,"Clinton"
22,2,"Mod","Lib","extCon","Democrat",32,"CCdeg",16,"Clinton"
71,3,"Mod","Lib","Con","Republican",69,"HS",16,"Dole"
900,4,"sliCon","Lib","sliCon","Republican",83,"HS",16,"Dole"
35,7,"Mod","extLib","sliCon","Independent",76,"HSdrop",16,"Dole"
2,7,"extCon","extLib","Lib","Democrat",62,"HSdrop",16,"Clinton"
83,2,"sliLib","sliLib","Con","Democrat",47,"MAdeg",16,"Clinton"
370,5,"Con","extCon","Mod","Democrat",35,"HS",16,"Clinton"
12,0,"Mod","sliCon","sliLib","Independent",23,"HS",16,"Clinton"
370,7,"Mod","Mod","extLib","Democrat",79,"Coll",16,"Clinton"
100,7,"Con","Lib","Con","Republican",64,"CCdeg",16,"Dole"
470,7,"Con","Lib","Mod","Republican",70,"Coll",16,"Dole"
22,7,"Con","extLib","Con","Republican",87,"CCdeg",16,"Dole"
2800,0,"sliLib","Con","extLib","Democrat",28,"HSdrop",18.5,"Clinton"
47,5,"sliLib","sliCon","extCon","Democrat",58,"HS",18.5,"Clinton"
900,5,"Mod","Mod","Con","Democrat",85,"HSdrop",18.5,"Clinton"
330,7,"sliLib","Con","Mod","Democrat",62,"HS",18.5,"Clinton"
84,0,"sliLib","Lib","extCon","Democrat",26,"BAdeg",18.5,"Clinton"
0,0,"Con","Lib","sliCon","Republican",28,"HS",18.5,"Dole"
33,3,"Con","extLib","extCon","Republican",88,"HSdrop",18.5,"Dole"
53,7,"Lib","sliLib","Con","Democrat",57,"BAdeg",18.5,"Clinton"
8,7,"Lib","Lib","Con","Democrat",78,"HS",18.5,"Clinton"
2,7,"Mod","Mod","Lib","Democrat",56,"HS",18.5,"Clinton"
0,0,"Mod","Con","sliLib","Independent",46,"CCdeg",18.5,"Clinton"
0,2,"Mod","Mod","sliLib","Republican",20,"HS",18.5,"Dole"
0,0,"sliCon","Con","Mod","Democrat",24,"Coll",18.5,"Clinton"
0,7,"sliCon","Lib","Con","Independent",72,"Coll",18.5,"Clinton"
15,7,"Lib","Mod","extCon","Democrat",51,"Coll",18.5,"Clinton"
900,0,"Con","Lib","sliCon","Republican",34,"BAdeg",18.5,"Dole"
30,2,"Mod","Lib","Con","Democrat",21,"Coll",18.5,"Clinton"
0,7,"Mod","Mod","Con","Independent",74,"MAdeg",18.5,"Clinton"
170,3,"Mod","Mod","Con","Democrat",48,"MS",18.5,"Clinton"
900,2,"sliLib","sliLib","extCon","Republican",28,"HS",18.5,"Clinton"
0,6,"extCon","extLib","extCon","Republican",38,"HSdrop",18.5,"Dole"
1600,7,"Mod","Con","extLib","Democrat",70,"HS",18.5,"Clinton"
0,7,"Mod","sliCon","Mod","Democrat",72,"HSdrop",18.5,"Clinton"
2800,0,"Mod","sliCon","Con","Democrat",41,"HS",18.5,"Clinton"
110,5,"sliLib","Mod","sliCon","Democrat",50,"MAdeg",18.5,"Clinton"
1,7,"Con","Lib","sliCon","Republican",73,"HS",18.5,"Dole"
3,5,"sliCon","Lib","Mod","Democrat",79,"BAdeg",18.5,"Clinton"
0,4,"sliCon","extLib","Mod","Republican",76,"HSdrop",18.5,"Dole"
22,0,"sliCon","sliLib","sliCon","Republican",62,"CCdeg",18.5,"Dole"
63,3,"Con","Lib","Con","Republican",30,"BAdeg",18.5,"Dole"
290,0,"Con","sliLib","Con","Republican",35,"Coll",18.5,"Dole"
2,7,"extLib","Lib","extCon","Democrat",66,"Coll",18.5,"Clinton"
40,0,"Lib","Mod","Con","Democrat",35,"Coll",18.5,"Clinton"
67,0,"Con","extLib","sliCon","Republican",57,"BAdeg",18.5,"Dole"
0,5,"Mod","sliCon","Mod","Republican",37,"CCdeg",18.5,"Dole"
470,7,"sliCon","sliCon","Lib","Democrat",61,"HS",21,"Clinton"
0,7,"Con","Lib","Con","Republican",56,"HS",21,"Dole"
4,6,"sliLib","Mod","sliCon","Democrat",53,"HS",21,"Clinton"
20,0,"Mod","sliCon","sliLib","Independent",24,"BAdeg",21,"Dole"
2800,7,"Mod","extLib","Con","Republican",74,"HS",21,"Dole"
0,0,"Mod","Mod","sliLib","Democrat",36,"HS",21,"Clinton"
1,0,"Con","Lib","Mod","Republican",30,"CCdeg",21,"Dole"
640,0,"Mod","extCon","Mod","Democrat",55,"HSdrop",21,"Clinton"
170,3,"sliLib","Lib","extCon","Independent",35,"BAdeg",21,"Clinton"
270,2,"sliLib","Mod","Con","Democrat",26,"Coll",21,"Clinton"
390,0,"sliLib","Mod","Con","Independent",25,"Coll",21,"Clinton"
16,2,"Con","extCon","Mod","Independent",27,"HS",21,"Clinton"
11,7,"Mod","extLib","Con","Republican",66,"HS",21,"Dole"
0,1,"sliCon","Lib","Con","Independent",39,"HSdrop",21,"Clinton"
270,7,"extLib","extLib","Lib","Independent",58,"CCdeg",21,"Clinton"
170,2,"Mod","Mod","Mod","Democrat",53,"HS",21,"Dole"
900,7,"Con","extCon","Mod","Democrat",76,"HS",21,"Clinton"
270,7,"sliCon","Lib","extCon","Democrat",51,"HS",21,"Clinton"
0,7,"Mod","Lib","extCon","Democrat",70,"HSdrop",21,"Clinton"
350,3,"Con","sliLib","Con","Republican",68,"Coll",21,"Dole"
0,0,"sliCon","Mod","sliCon","Independent",32,"HS",21,"Dole"
6,0,"sliCon","Mod","sliCon","Republican",55,"HS",21,"Clinton"
290,7,"Lib","Lib","Con","Democrat",52,"Coll",21,"Clinton"
630,7,"Con","Mod","Con","Independent",73,"HSdrop",21,"Dole"
900,0,"sliCon","Mod","extCon","Democrat",42,"HSdrop",21,"Clinton"
31,2,"Mod","Mod","sliLib","Independent",23,"CCdeg",21,"Dole"
1600,5,"Lib","sliLib","Con","Democrat",30,"MAdeg",23.5,"Clinton"
71,7,"Lib","Lib","extCon","Democrat",68,"Coll",23.5,"Clinton"
200,7,"sliCon","Lib","sliLib","Independent",68,"HS",23.5,"Clinton"
0,0,"Con","Mod","extCon","Independent",68,"BAdeg",23.5,"Clinton"
30,5,"Lib","sliLib","Con","Democrat",38,"CCdeg",23.5,"Clinton"
10,1,"Mod","sliLib","Con","Independent",74,"HS",23.5,"Clinton"
0,7,"sliCon","Con","sliLib","Democrat",59,"HSdrop",23.5,"Clinton"
900,2,"sliCon","Lib","sliCon","Independent",73,"HSdrop",23.5,"Clinton"
71,7,"Lib","sliLib","Con","Democrat",79,"HS",23.5,"Clinton"
22,3,"extCon","extLib","Con","Republican",28,"Coll",23.5,"Dole"
0,7,"Con","Lib","Con","Republican",50,"HS",23.5,"Dole"
0,4,"Con","sliLib","extLib","Democrat",36,"Coll",23.5,"Clinton"
0,3,"Con","Lib","Con","Republican",50,"HS",23.5,"Dole"
0,1,"Con","Lib","Con","Republican",61,"HS",23.5,"Dole"
7300,3,"Lib","Lib","Con","Democrat",37,"Coll",23.5,"Clinton"
83,0,"sliLib","Mod","extCon","Democrat",29,"BAdeg",23.5,"Clinton"
93,7,"Lib","sliLib","extCon","Democrat",39,"Coll",23.5,"Clinton"
0,7,"Mod","sliCon","Mod","Independent",83,"BAdeg",23.5,"Dole"
51,7,"Con","extLib","sliCon","Independent",68,"BAdeg",23.5,"Dole"
31,2,"Con","extLib","sliCon","Republican",25,"Coll",23.5,"Dole"
93,2,"extLib","sliLib","Con","Democrat",41,"BAdeg",23.5,"Clinton"
0,7,"sliLib","Lib","Con","Democrat",67,"HS",23.5,"Clinton"
0,3,"Mod","Lib","Con","Independent",36,"BAdeg",23.5,"Dole"
31,4,"Con","Lib","Con","Independent",66,"Coll",23.5,"Dole"
900,1,"sliLib","Lib","extCon","Democrat",55,"Coll",23.5,"Clinton"
0,4,"sliLib","Lib","Con","Independent",42,"CCdeg",23.5,"Clinton"
2,7,"Con","sliLib","sliCon","Republican",42,"HS",23.5,"Dole"
110,3,"Mod","sliCon","extCon","Democrat",36,"HS",23.5,"Clinton"
63,1,"Con","Mod","Con","Independent",53,"CCdeg",23.5,"Dole"
900,0,"sliLib","Lib","sliCon","Democrat",36,"CCdeg",23.5,"Clinton"
31,3,"Mod","sliLib","Con","Independent",29,"MAdeg",23.5,"Clinton"
510,1,"Mod","Mod","Con","Democrat",31,"HS",23.5,"Clinton"
270,2,"sliLib","Mod","Con","Democrat",43,"BAdeg",23.5,"Clinton"
9,3,"sliLib","Mod","extCon","Democrat",33,"BAdeg",23.5,"Clinton"
3,1,"Con","Con","Lib","Democrat",63,"HS",23.5,"Clinton"
29,1,"sliCon","Lib","Mod","Independent",25,"CCdeg",23.5,"Clinton"
45,2,"sliLib","Lib","Con","Democrat",72,"Coll",23.5,"Clinton"
83,5,"sliLib","sliLib","Con","Democrat",40,"Coll",23.5,"Clinton"
22,7,"Mod","Lib","Con","Independent",27,"BAdeg",23.5,"Clinton"
15,3,"sliCon","Mod","extCon","Independent",26,"Coll",27.5,"Clinton"
110,7,"sliCon","Lib","sliCon","Republican",67,"HS",27.5,"Dole"
8,0,"Mod","sliCon","sliCon","Democrat",21,"HS",27.5,"Clinton"
11,5,"Con","Lib","Con","Republican",27,"MAdeg",27.5,"Dole"
56,4,"Con","sliCon","sliLib","Democrat",78,"BAdeg",27.5,"Dole"
8,3,"Mod","Mod","sliLib","Democrat",32,"HS",27.5,"Clinton"
100,5,"Mod","Lib","Con","Democrat",68,"Coll",27.5,"Clinton"
900,7,"Mod","Lib","Con","Republican",76,"Coll",27.5,"Clinton"
67,7,"sliLib","sliLib","Con","Democrat",33,"CCdeg",27.5,"Clinton"
35,4,"Con","Lib","sliCon","Independent",38,"HSdrop",27.5,"Dole"
35,3,"Mod","sliLib","sliCon","Democrat",49,"MAdeg",27.5,"Clinton"
22,0,"sliCon","Mod","Con","Republican",61,"Coll",27.5,"Dole"
110,7,"extCon","extLib","sliCon","Independent",57,"HS",27.5,"Dole"
12,0,"Mod","Lib","sliCon","Independent",20,"HS",27.5,"Clinton"
7300,7,"Mod","Lib","Mod","Independent",63,"BAdeg",27.5,"Dole"
0,0,"Mod","extLib","sliCon","Independent",53,"HS",27.5,"Dole"
19,5,"Mod","Lib","Con","Republican",35,"Coll",27.5,"Dole"
470,3,"Mod","Mod","extCon","Democrat",39,"HS",27.5,"Clinton"
4,3,"sliLib","sliCon","sliLib","Independent",48,"HS",27.5,"Dole"
640,4,"Con","Lib","sliCon","Independent",62,"HS",27.5,"Dole"
640,2,"Mod","Lib","sliLib","Democrat",30,"CCdeg",27.5,"Clinton"
200,7,"extCon","extLib","Mod","Republican",26,"BAdeg",27.5,"Dole"
0,7,"sliLib","Lib","Mod","Republican",74,"BAdeg",27.5,"Dole"
29,4,"sliLib","Mod","Con","Independent",37,"CCdeg",27.5,"Clinton"
330,2,"Mod","sliCon","sliCon","Democrat",43,"CCdeg",27.5,"Clinton"
19,5,"sliCon","extLib","Mod","Republican",68,"HS",27.5,"Dole"
1,7,"sliCon","sliLib","Mod","Republican",73,"CCdeg",27.5,"Dole"
110,5,"Con","extLib","Con","Republican",60,"MAdeg",27.5,"Dole"
0,7,"sliCon","Mod","Con","Democrat",35,"HS",27.5,"Clinton"
350,4,"sliLib","Mod","Con","Democrat",29,"BAdeg",27.5,"Clinton"
2,5,"sliLib","sliLib","sliCon","Democrat",25,"BAdeg",27.5,"Clinton"
0,7,"Lib","Lib","Con","Democrat",25,"MAdeg",27.5,"Clinton"
7,4,"Lib","Mod","sliCon","Democrat",70,"BAdeg",27.5,"Clinton"
71,1,"Con","Lib","sliCon","Republican",41,"HS",27.5,"Dole"
53,0,"Mod","Lib","Con","Democrat",37,"BAdeg",27.5,"Clinton"
0,0,"Con","extLib","Con","Republican",39,"CCdeg",27.5,"Dole"
2,6,"sliLib","Mod","Con","Democrat",35,"Coll",27.5,"Clinton"
190,4,"Lib","sliLib","Con","Democrat",62,"MAdeg",27.5,"Clinton"
31,0,"sliLib","Lib","Con","Democrat",30,"MAdeg",27.5,"Clinton"
16,7,"Mod","Lib","Con","Democrat",74,"Coll",27.5,"Clinton"
22,7,"sliLib","sliLib","Mod","Republican",47,"HS",27.5,"Clinton"
3,4,"Mod","sliCon","sliLib","Democrat",43,"BAdeg",27.5,"Clinton"
0,6,"sliCon","sliLib","Con","Republican",64,"HSdrop",27.5,"Dole"
0,7,"Mod","sliLib","sliCon","Independent",75,"Coll",27.5,"Dole"
67,3,"Mod","Mod","extCon","Democrat",27,"BAdeg",27.5,"Clinton"
40,7,"Mod","Mod","Con","Democrat",21,"HS",27.5,"Clinton"
74,4,"Lib","Lib","Con","Democrat",70,"HSdrop",27.5,"Clinton"
3,6,"sliCon","Lib","Con","Republican",67,"HS",27.5,"Dole"
140,7,"Con","Mod","sliCon","Republican",82,"CCdeg",27.5,"Clinton"
14,0,"Lib","Lib","Con","Democrat",40,"BAdeg",27.5,"Clinton"
110,0,"sliCon","sliLib","Con","Republican",26,"Coll",27.5,"Dole"
35,3,"Mod","sliLib","sliCon","Democrat",29,"BAdeg",27.5,"Clinton"
0,1,"Mod","sliCon","Con","Independent",28,"BAdeg",27.5,"Clinton"
310,7,"Con","Mod","sliLib","Republican",65,"HS",27.5,"Clinton"
900,2,"Con","sliCon","sliLib","Democrat",25,"HS",27.5,"Clinton"
0,7,"sliLib","Lib","extCon","Democrat",65,"HSdrop",27.5,"Clinton"
11,4,"Con","Lib","Con","Republican",38,"CCdeg",27.5,"Dole"
0,2,"Mod","sliLib","sliCon","Republican",72,"MAdeg",27.5,"Dole"
270,7,"sliLib","Lib","extCon","Democrat",67,"HS",27.5,"Clinton"
51,7,"sliLib","extLib","extCon","Democrat",74,"HS",27.5,"Clinton"
11,5,"Lib","Mod","Mod","Independent",71,"BAdeg",27.5,"Clinton"
2,0,"Mod","Con","Mod","Democrat",47,"HS",27.5,"Clinton"
20,7,"sliCon","Mod","Con","Democrat",69,"MS",27.5,"Clinton"
31,3,"sliLib","sliLib","Con","Democrat",29,"BAdeg",27.5,"Clinton"
2,0,"Con","Lib","sliCon","Republican",34,"HS",27.5,"Dole"
5,3,"Mod","sliLib","Con","Democrat",43,"Coll",27.5,"Clinton"
22,7,"Lib","extLib","extCon","Democrat",30,"HS",27.5,"Clinton"
0,7,"sliCon","sliCon","Mod","Democrat",76,"HSdrop",27.5,"Clinton"
27,0,"Lib","Mod","Con","Democrat",26,"CCdeg",32.5,"Clinton"
7,7,"Mod","sliLib","Con","Independent",76,"CCdeg",32.5,"Clinton"
0,0,"extLib","Mod","Con","Democrat",42,"MAdeg",32.5,"Clinton"
0,4,"sliLib","extLib","Mod","Republican",33,"HS",32.5,"Dole"
0,1,"Con","Lib","sliCon","Republican",25,"HS",32.5,"Dole"
2800,0,"Lib","Lib","extCon","Democrat",51,"Coll",32.5,"Clinton"
0,4,"Mod","Lib","sliCon","Independent",57,"HS",32.5,"Dole"
22,1,"Con","extLib","sliCon","Republican",21,"Coll",32.5,"Dole"
9,7,"sliCon","extLib","Mod","Republican",79,"MAdeg",32.5,"Dole"
0,1,"Con","Lib","sliCon","Republican",35,"CCdeg",32.5,"Dole"
9,5,"Mod","Lib","sliCon","Independent",57,"BAdeg",32.5,"Dole"
0,1,"Mod","Mod","Con","Republican",32,"BAdeg",32.5,"Clinton"
37,5,"Mod","sliCon","sliCon","Independent",51,"BAdeg",32.5,"Clinton"
23,0,"sliCon","Lib","Mod","Republican",62,"MAdeg",32.5,"Dole"
0,4,"sliCon","extLib","Con","Republican",48,"Coll",32.5,"Dole"
0,7,"extCon","extLib","Con","Republican",39,"HS",32.5,"Dole"
0,5,"sliLib","Lib","Con","Republican",26,"BAdeg",32.5,"Dole"
40,0,"Mod","Lib","Mod","Democrat",38,"HS",32.5,"Dole"
0,5,"sliLib","sliLib","Mod","Democrat",50,"Coll",32.5,"Clinton"
9,2,"sliCon","sliCon","Con","Independent",33,"HS",32.5,"Dole"
15,5,"Mod","sliLib","Con","Independent",36,"HS",32.5,"Clinton"
640,5,"Mod","Mod","Con","Democrat",24,"BAdeg",32.5,"Clinton"
0,4,"sliLib","Lib","Con","Democrat",25,"CCdeg",32.5,"Clinton"
0,7,"Con","sliCon","sliLib","Democrat",62,"HS",32.5,"Clinton"
0,2,"Mod","sliLib","sliLib","Republican",33,"HS",32.5,"Dole"
0,7,"Con","Lib","sliCon","Republican",53,"BAdeg",32.5,"Dole"
22,7,"Con","Lib","sliCon","Republican",68,"BAdeg",32.5,"Dole"
22,7,"sliCon","Mod","Con","Democrat",68,"HS",32.5,"Clinton"
10,1,"Con","extLib","sliCon","Republican",38,"HS",32.5,"Dole"
29,1,"Mod","sliCon","sliLib","Democrat",58,"MS",32.5,"Clinton"
170,7,"Mod","Lib","Con","Republican",34,"BAdeg",32.5,"Dole"
4,2,"Mod","sliLib","Mod","Democrat",58,"HSdrop",32.5,"Clinton"
11,0,"sliLib","Mod","extCon","Democrat",35,"CCdeg",32.5,"Clinton"
31,3,"extCon","Lib","Con","Republican",42,"BAdeg",32.5,"Dole"
0,7,"Mod","Mod","Con","Democrat",54,"HS",32.5,"Clinton"
0,7,"Con","Lib","sliCon","Republican",69,"HS",32.5,"Dole"
360,2,"Mod","Con","sliCon","Democrat",35,"Coll",32.5,"Clinton"
0,7,"Con","extLib","sliCon","Republican",66,"Coll",32.5,"Dole"
900,2,"sliLib","Lib","extCon","Democrat",58,"HS",32.5,"Clinton"
51,5,"Lib","Mod","extCon","Democrat",41,"HS",32.5,"Clinton"
0,2,"sliCon","Lib","Con","Independent",35,"BAdeg",32.5,"Clinton"
110,0,"sliLib","sliLib","Con","Democrat",40,"MAdeg",32.5,"Clinton"
1,7,"Mod","extCon","Lib","Democrat",53,"MS",32.5,"Clinton"
8,5,"Con","Lib","Con","Republican",67,"BAdeg",32.5,"Dole"
5,5,"Mod","Mod","Con","Democrat",32,"CCdeg",32.5,"Clinton"
87,4,"sliLib","Mod","Con","Democrat",41,"Coll",32.5,"Clinton"
3,1,"Lib","extLib","Con","Democrat",43,"MAdeg",32.5,"Clinton"
51,1,"sliCon","sliLib","Lib","Democrat",65,"HSdrop",32.5,"Clinton"
350,7,"sliLib","sliLib","extCon","Democrat",60,"CCdeg",32.5,"Clinton"
3,7,"sliCon","sliLib","Con","Democrat",77,"BAdeg",32.5,"Clinton"
630,0,"Con","sliCon","Mod","Democrat",35,"Coll",32.5,"Clinton"
180,4,"Con","extCon","sliCon","Democrat",48,"Coll",32.5,"Clinton"
0,0,"Con","Lib","Con","Republican",52,"HS",32.5,"Dole"
35,7,"sliCon","sliLib","Con","Independent",43,"MAdeg",32.5,"Clinton"
0,7,"Con","Lib","Con","Republican",43,"CCdeg",32.5,"Dole"
0,7,"Con","Lib","Con","Republican",67,"Coll",32.5,"Dole"
6,1,"Mod","Mod","extCon","Democrat",56,"HS",32.5,"Clinton"
7300,2,"sliLib","sliLib","Mod","Democrat",62,"Coll",32.5,"Clinton"
2,1,"extCon","extCon","sliCon","Democrat",62,"HS",32.5,"Clinton"
35,3,"sliLib","Lib","Con","Democrat",22,"BAdeg",32.5,"Clinton"
0,0,"Lib","Lib","Con","Democrat",21,"CCdeg",32.5,"Clinton"
45,3,"Con","extLib","Con","Republican",34,"HS",32.5,"Dole"
0,7,"Mod","sliLib","sliCon","Democrat",70,"HS",32.5,"Clinton"
5,1,"sliLib","Lib","Con","Independent",50,"HS",32.5,"Clinton"
35,5,"Con","extLib","Con","Republican",42,"Coll",32.5,"Dole"
900,5,"Con","Lib","Con","Republican",73,"HS",32.5,"Dole"
35,2,"sliLib","extLib","Con","Democrat",57,"MAdeg",32.5,"Clinton"
0,7,"Con","extLib","sliCon","Republican",40,"BAdeg",32.5,"Dole"
0,2,"Con","extLib","Con","Republican",58,"BAdeg",32.5,"Dole"
11,7,"Mod","Con","Lib","Democrat",62,"HS",32.5,"Clinton"
40,1,"sliLib","sliCon","sliLib","Democrat",44,"HS",37.5,"Clinton"
0,3,"sliCon","sliLib","extCon","Republican",30,"BAdeg",37.5,"Clinton"
23,7,"sliLib","sliLib","extCon","Democrat",76,"CCdeg",37.5,"Clinton"
270,3,"Mod","sliLib","sliLib","Democrat",50,"Coll",37.5,"Clinton"
9,1,"Con","Lib","sliCon","Republican",41,"Coll",37.5,"Dole"
0,6,"Con","sliLib","Con","Republican",77,"HS",37.5,"Dole"
0,3,"Con","sliLib","sliCon","Republican",35,"BAdeg",37.5,"Dole"
0,7,"Mod","sliLib","Mod","Independent",39,"Coll",37.5,"Clinton"
2,0,"Mod","Lib","Mod","Independent",72,"HS",37.5,"Dole"
0,2,"Con","Lib","sliCon","Republican",42,"MAdeg",37.5,"Dole"
16,7,"sliCon","Lib","Con","Republican",85,"HSdrop",37.5,"Dole"
7300,0,"Mod","Lib","Con","Independent",79,"Coll",37.5,"Clinton"
0,5,"Lib","sliLib","Con","Democrat",39,"Coll",37.5,"Clinton"
23,4,"Con","extLib","sliCon","Republican",58,"BAdeg",37.5,"Dole"
42,0,"Mod","Lib","Con","Republican",27,"BAdeg",37.5,"Dole"
2,4,"Mod","sliLib","sliCon","Democrat",43,"CCdeg",37.5,"Clinton"
0,0,"sliLib","sliLib","Con","Democrat",58,"Coll",37.5,"Clinton"
42,7,"Mod","sliLib","Con","Independent",28,"MAdeg",37.5,"Dole"
470,2,"sliCon","sliLib","Con","Republican",27,"BAdeg",37.5,"Clinton"
42,0,"sliLib","Con","sliCon","Independent",40,"HS",37.5,"Clinton"
0,5,"extLib","sliLib","Con","Democrat",43,"BAdeg",37.5,"Clinton"
40,7,"sliCon","Mod","Con","Republican",64,"HS",37.5,"Dole"
180,7,"Lib","Lib","Con","Democrat",39,"BAdeg",37.5,"Clinton"
110,7,"Mod","Lib","Con","Independent",76,"Coll",37.5,"Dole"
140,5,"sliLib","sliLib","Con","Democrat",64,"CCdeg",37.5,"Clinton"
0,4,"Mod","Con","sliLib","Independent",28,"Coll",37.5,"Clinton"
0,2,"Mod","Lib","Con","Democrat",45,"HS",37.5,"Clinton"
190,1,"Con","Lib","Con","Republican",22,"HS",37.5,"Dole"
35,1,"sliLib","sliLib","Con","Democrat",27,"BAdeg",37.5,"Clinton"
45,0,"extLib","Lib","extCon","Democrat",31,"Coll",37.5,"Clinton"
170,1,"Lib","Lib","extCon","Democrat",34,"BAdeg",37.5,"Clinton"
0,4,"Lib","sliLib","extCon","Democrat",30,"Coll",37.5,"Clinton"
0,2,"Con","extLib","Con","Republican",64,"HS",37.5,"Dole"
35,0,"Con","extLib","Con","Independent",36,"BAdeg",37.5,"Dole"
5,7,"Mod","sliLib","sliCon","Independent",31,"HSdrop",37.5,"Dole"
350,1,"Mod","sliLib","Mod","Republican",37,"HS",37.5,"Dole"
4,0,"Con","Mod","Lib","Democrat",48,"HS",37.5,"Clinton"
70,0,"sliCon","extCon","extCon","Independent",41,"HS",37.5,"Clinton"
8,2,"sliCon","Lib","Con","Republican",25,"Coll",37.5,"Dole"
12,5,"Mod","Lib","Con","Republican",82,"HS",37.5,"Dole"
5,1,"Con","Lib","sliCon","Independent",36,"MAdeg",37.5,"Dole"
0,7,"Con","Lib","sliCon","Democrat",47,"HS",37.5,"Dole"
16,6,"Lib","sliLib","Con","Democrat",67,"Coll",37.5,"Clinton"
0,0,"Mod","Con","Lib","Republican",24,"Coll",37.5,"Dole"
9,0,"Mod","sliCon","sliLib","Republican",33,"BAdeg",37.5,"Dole"
14,7,"Mod","extLib","sliCon","Democrat",59,"Coll",37.5,"Dole"
22,7,"extCon","extLib","Con","Republican",71,"Coll",37.5,"Dole"
0,7,"Con","Lib","sliCon","Republican",36,"HS",37.5,"Dole"
1,3,"sliLib","sliLib","sliCon","Democrat",41,"HS",37.5,"Clinton"
1600,5,"Con","Lib","Con","Republican",38,"BAdeg",37.5,"Dole"
7300,1,"Con","sliLib","Con","Republican",32,"HS",37.5,"Dole"
19,0,"sliCon","Con","extCon","Democrat",32,"Coll",37.5,"Clinton"
9,6,"sliCon","Mod","Con","Democrat",75,"BAdeg",37.5,"Clinton"
0,7,"sliCon","Lib","Mod","Independent",52,"HS",37.5,"Dole"
1600,5,"Lib","sliLib","Con","Democrat",29,"MAdeg",37.5,"Clinton"
12,7,"sliLib","Mod","Con","Democrat",71,"HS",37.5,"Clinton"
1,0,"Con","Lib","sliCon","Independent",33,"BAdeg",37.5,"Clinton"
0,3,"extLib","Lib","extCon","Independent",67,"MAdeg",37.5,"Clinton"
0,2,"Con","extLib","Con","Republican",49,"Coll",37.5,"Dole"
0,0,"Lib","sliLib","sliCon","Democrat",31,"MAdeg",37.5,"Clinton"
9,7,"sliLib","Mod","Con","Democrat",53,"HSdrop",37.5,"Clinton"
0,3,"Lib","sliLib","extCon","Democrat",35,"MAdeg",37.5,"Clinton"
170,7,"Con","Lib","Con","Republican",49,"MAdeg",42.5,"Dole"
3,7,"Con","Mod","Mod","Democrat",74,"HS",42.5,"Clinton"
14,0,"Con","extLib","sliCon","Republican",29,"Coll",42.5,"Dole"
1,5,"Lib","sliLib","Con","Democrat",27,"BAdeg",42.5,"Clinton"
23,5,"Mod","Mod","Con","Republican",70,"Coll",42.5,"Clinton"
0,0,"Con","extLib","Con","Republican",43,"BAdeg",42.5,"Dole"
1,5,"Lib","sliLib","Con","Independent",47,"MAdeg",42.5,"Clinton"
0,4,"Mod","Mod","Con","Democrat",42,"MAdeg",42.5,"Clinton"
9,0,"Con","Lib","sliCon","Republican",41,"BAdeg",42.5,"Dole"
130,2,"Con","Mod","Con","Republican",37,"Coll",42.5,"Dole"
5,5,"sliCon","sliCon","Mod","Democrat",61,"HS",42.5,"Clinton"
4,7,"Mod","Lib","Con","Democrat",84,"Coll",42.5,"Clinton"
2800,7,"sliCon","sliLib","extCon","Democrat",46,"BAdeg",42.5,"Clinton"
4,0,"Mod","sliLib","Con","Republican",39,"MAdeg",42.5,"Clinton"
6,7,"Lib","sliLib","Con","Democrat",53,"HS",42.5,"Clinton"
4,7,"sliCon","extLib","Con","Republican",87,"BAdeg",42.5,"Dole"
84,2,"Mod","Con","Lib","Democrat",51,"HS",42.5,"Clinton"
0,0,"sliCon","Lib","sliCon","Independent",37,"CCdeg",42.5,"Dole"
9,1,"Mod","sliLib","sliCon","Independent",37,"BAdeg",42.5,"Dole"
290,0,"sliCon","Lib","Con","Republican",40,"BAdeg",42.5,"Dole"
0,3,"Mod","Mod","Con","Independent",46,"BAdeg",42.5,"Clinton"
9,7,"extLib","Mod","extLib","Independent",44,"HS",42.5,"Dole"
0,2,"Mod","sliLib","Con","Democrat",37,"HS",42.5,"Clinton"
0,7,"Mod","Lib","Con","Independent",55,"MAdeg",42.5,"Clinton"
22,0,"sliCon","Lib","sliCon","Democrat",40,"BAdeg",42.5,"Dole"
0,5,"sliLib","Lib","Con","Democrat",42,"MAdeg",42.5,"Clinton"
640,7,"Con","Lib","Con","Republican",40,"HS",42.5,"Dole"
10,0,"Con","Lib","Con","Republican",32,"HS",42.5,"Dole"
4,5,"sliCon","Lib","sliCon","Independent",58,"MAdeg",42.5,"Dole"
0,2,"sliCon","extLib","Con","Independent",37,"HS",42.5,"Dole"
640,4,"Mod","sliCon","sliCon","Republican",51,"HS",42.5,"Dole"
110,5,"sliLib","sliCon","Mod","Republican",44,"CCdeg",42.5,"Clinton"
0,2,"Mod","sliCon","Lib","Democrat",23,"HSdrop",42.5,"Clinton"
0,2,"Con","Lib","Con","Republican",38,"HS",42.5,"Dole"
67,0,"sliLib","Mod","Con","Democrat",42,"MAdeg",42.5,"Clinton"
520,7,"Mod","Lib","sliCon","Independent",60,"Coll",42.5,"Dole"
0,3,"Mod","sliLib","Con","Democrat",34,"Coll",42.5,"Clinton"
51,1,"Con","Lib","Con","Republican",49,"HS",42.5,"Dole"
0,0,"Mod","Lib","sliLib","Independent",40,"HS",42.5,"Dole"
2800,7,"Lib","Lib","extCon","Democrat",23,"Coll",42.5,"Clinton"
110,2,"Lib","sliLib","Con","Democrat",47,"HS",42.5,"Clinton"
7300,7,"Mod","Mod","extCon","Democrat",44,"CCdeg",42.5,"Clinton"
7300,5,"sliCon","Lib","Con","Democrat",37,"MAdeg",42.5,"Dole"
0,2,"Con","extLib","Con","Republican",26,"CCdeg",42.5,"Dole"
16,7,"extCon","Con","sliCon","Independent",51,"Coll",42.5,"Clinton"
140,4,"Mod","Mod","Con","Democrat",69,"HS",42.5,"Clinton"
54,2,"Lib","Lib","extCon","Democrat",36,"BAdeg",42.5,"Clinton"
2,2,"Lib","sliLib","Con","Independent",28,"Coll",42.5,"Clinton"
470,4,"sliCon","Lib","Con","Republican",40,"Coll",47.5,"Dole"
0,1,"Con","extLib","Con","Republican",45,"Coll",47.5,"Dole"
75,3,"sliCon","Lib","sliCon","Republican",75,"BAdeg",47.5,"Dole"
11,2,"Con","Lib","sliCon","Republican",32,"BAdeg",47.5,"Dole"
0,0,"sliLib","Lib","Con","Democrat",27,"HS",47.5,"Clinton"
2800,6,"sliCon","Lib","sliCon","Independent",63,"BAdeg",47.5,"Dole"
140,1,"sliCon","sliLib","Con","Republican",79,"MAdeg",47.5,"Dole"
9,7,"sliLib","Lib","Con","Democrat",40,"BAdeg",47.5,"Clinton"
7300,2,"Mod","sliLib","Con","Democrat",57,"BAdeg",47.5,"Clinton"
45,3,"sliLib","Mod","sliCon","Democrat",44,"BAdeg",47.5,"Clinton"
1600,7,"sliCon","Lib","sliCon","Republican",78,"BAdeg",47.5,"Dole"
9,7,"Mod","sliCon","sliCon","Republican",58,"MAdeg",47.5,"Clinton"
0,7,"Lib","Lib","extCon","Democrat",55,"HS",47.5,"Clinton"
130,4,"sliLib","Mod","Con","Independent",25,"BAdeg",47.5,"Clinton"
9,0,"Lib","sliLib","Con","Democrat",27,"MAdeg",47.5,"Clinton"
3500,3,"Mod","Lib","extCon","Independent",21,"HS",47.5,"Clinton"
0,3,"Con","Lib","Con","Republican",37,"Coll",47.5,"Dole"
0,0,"extCon","sliLib","Mod","Republican",31,"HS",47.5,"Dole"
35,7,"Lib","Mod","Con","Democrat",85,"MAdeg",47.5,"Clinton"
900,1,"Mod","Lib","Con","Republican",33,"HS",47.5,"Clinton"
27,7,"sliLib","extCon","Mod","Independent",63,"HSdrop",47.5,"Dole"
900,7,"Mod","Mod","Con","Democrat",51,"HS",47.5,"Clinton"
0,2,"sliLib","sliCon","Lib","Democrat",46,"HS",47.5,"Clinton"
64,2,"sliCon","Lib","Con","Republican",26,"CCdeg",47.5,"Dole"
4,7,"sliLib","sliLib","Con","Democrat",57,"BAdeg",47.5,"Clinton"
0,3,"Mod","Lib","Con","Democrat",48,"HS",47.5,"Dole"
0,2,"extCon","extLib","sliCon","Republican",55,"HS",47.5,"Dole"
53,0,"sliLib","Con","Mod","Democrat",37,"CCdeg",47.5,"Clinton"
290,2,"Con","Lib","Con","Republican",39,"HS",47.5,"Dole"
15,2,"Lib","sliLib","Mod","Democrat",24,"HS",47.5,"Dole"
0,0,"Con","sliLib","Con","Republican",30,"BAdeg",47.5,"Dole"
35,0,"sliLib","Mod","Con","Democrat",36,"MAdeg",47.5,"Clinton"
0,0,"sliCon","Mod","Con","Independent",45,"HS",47.5,"Clinton"
470,1,"sliCon","Lib","Con","Independent",29,"HS",47.5,"Clinton"
16,7,"Con","sliLib","Con","Republican",41,"Coll",47.5,"Dole"
40,1,"sliCon","sliLib","sliCon","Independent",28,"CCdeg",47.5,"Dole"
290,7,"Lib","Lib","extCon","Democrat",35,"Coll",47.5,"Clinton"
4,7,"Lib","sliLib","Con","Democrat",46,"Coll",47.5,"Clinton"
1,7,"extLib","Lib","extCon","Democrat",55,"Coll",47.5,"Clinton"
140,3,"Lib","sliLib","Con","Republican",65,"Coll",47.5,"Clinton"
110,1,"Mod","Lib","Con","Democrat",22,"Coll",47.5,"Clinton"
0,1,"Mod","Mod","Con","Democrat",41,"Coll",47.5,"Clinton"
900,1,"Lib","sliLib","Con","Independent",43,"MAdeg",47.5,"Clinton"
0,2,"Mod","sliLib","Con","Democrat",49,"Coll",47.5,"Clinton"
0,4,"Mod","Lib","sliCon","Independent",35,"MAdeg",47.5,"Dole"
51,7,"sliLib","sliLib","sliCon","Democrat",80,"HS",47.5,"Clinton"
71,2,"Mod","Con","Lib","Democrat",57,"Coll",47.5,"Clinton"
900,4,"sliLib","sliLib","Con","Democrat",48,"HS",47.5,"Clinton"
83,4,"extLib","Mod","Con","Independent",43,"BAdeg",47.5,"Clinton"
360,3,"Mod","Mod","extCon","Democrat",34,"Coll",47.5,"Clinton"
180,7,"Lib","Lib","Mod","Democrat",44,"CCdeg",47.5,"Clinton"
1,3,"Con","extLib","Con","Independent",49,"BAdeg",55,"Dole"
22,7,"sliCon","Lib","extCon","Independent",43,"MAdeg",55,"Clinton"
1,0,"Mod","sliLib","sliCon","Republican",39,"Coll",55,"Dole"
2,2,"Mod","sliLib","extCon","Democrat",27,"HS",55,"Clinton"
34,4,"Con","Lib","Con","Republican",30,"BAdeg",55,"Dole"
33,2,"Con","Lib","Con","Independent",33,"BAdeg",55,"Dole"
10,1,"Lib","sliLib","extCon","Democrat",32,"CCdeg",55,"Clinton"
290,7,"sliCon","Lib","Con","Republican",31,"BAdeg",55,"Dole"
0,2,"sliCon","sliLib","extCon","Independent",27,"CCdeg",55,"Clinton"
76,3,"Lib","Lib","Con","Democrat",36,"Coll",55,"Clinton"
20,7,"sliLib","Lib","Con","Independent",45,"CCdeg",55,"Clinton"
0,5,"Mod","Con","sliCon","Independent",51,"HS",55,"Clinton"
0,0,"Con","Lib","sliLib","Republican",36,"Coll",55,"Dole"
0,7,"Con","Mod","Con","Independent",47,"MAdeg",55,"Dole"
470,4,"Mod","Mod","Con","Democrat",42,"BAdeg",55,"Clinton"
9,6,"Con","extLib","sliCon","Republican",70,"BAdeg",55,"Dole"
0,0,"sliLib","sliLib","Con","Independent",40,"Coll",55,"Clinton"
0,7,"Lib","sliCon","extCon","Democrat",38,"HS",55,"Clinton"
8,0,"sliCon","extLib","Con","Independent",29,"HS",55,"Dole"
1,0,"Mod","Lib","sliCon","Republican",58,"HS",55,"Dole"
1,7,"Mod","Con","extLib","Independent",28,"HS",55,"Clinton"
7,1,"Con","sliLib","Con","Republican",30,"Coll",55,"Dole"
0,3,"Mod","sliLib","Con","Independent",48,"CCdeg",55,"Clinton"
170,0,"Con","Lib","Con","Republican",35,"Coll",55,"Dole"
270,3,"Con","extCon","Con","Democrat",38,"HS",55,"Clinton"
0,0,"Mod","Lib","sliCon","Independent",56,"MAdeg",55,"Dole"
13,4,"sliCon","sliLib","Con","Republican",62,"Coll",55,"Dole"
10,7,"Con","extLib","Con","Republican",56,"Coll",55,"Dole"
22,0,"Con","Lib","sliCon","Republican",32,"HS",55,"Dole"
640,5,"Mod","sliCon","extCon","Democrat",50,"CCdeg",55,"Clinton"
900,3,"sliLib","Mod","Con","Democrat",45,"BAdeg",55,"Clinton"
22,7,"sliLib","sliLib","Mod","Democrat",36,"BAdeg",55,"Clinton"
62,1,"Con","Lib","Con","Republican",49,"Coll",55,"Dole"
110,2,"extCon","extLib","Con","Republican",31,"BAdeg",55,"Dole"
84,4,"Lib","sliLib","Con","Independent",33,"MAdeg",55,"Clinton"
0,1,"Con","Lib","Con","Republican",35,"Coll",55,"Dole"
13,2,"Mod","Lib","sliCon","Independent",73,"Coll",55,"Dole"
20,7,"Con","extLib","sliCon","Republican",54,"CCdeg",55,"Dole"
0,3,"Mod","Lib","extCon","Democrat",48,"HS",55,"Clinton"
16,3,"Con","Lib","Con","Independent",65,"Coll",55,"Dole"
6,7,"sliCon","Con","sliCon","Republican",46,"Coll",55,"Clinton"
12,0,"Lib","Lib","Con","Democrat",45,"MAdeg",55,"Clinton"
0,7,"Con","Lib","sliCon","Republican",65,"MAdeg",55,"Dole"
0,0,"Con","Lib","Con","Republican",45,"BAdeg",55,"Dole"
170,7,"Mod","extLib","sliCon","Independent",89,"MAdeg",55,"Dole"
100,0,"sliCon","sliLib","Con","Independent",32,"Coll",55,"Clinton"
5,4,"Con","Mod","Mod","Democrat",38,"Coll",55,"Clinton"
3500,5,"Lib","Mod","Lib","Republican",33,"Coll",55,"Dole"
71,4,"Con","Lib","sliCon","Republican",49,"MAdeg",55,"Dole"
4,7,"sliCon","Lib","Con","Republican",64,"BAdeg",55,"Dole"
7300,5,"sliCon","Mod","extCon","Democrat",55,"Coll",55,"Clinton"
7,0,"sliLib","sliLib","sliCon","Democrat",56,"MAdeg",55,"Clinton"
290,4,"Mod","sliCon","sliLib","Republican",30,"BAdeg",55,"Clinton"
0,0,"sliCon","Mod","Con","Republican",41,"MAdeg",55,"Dole"
0,1,"Con","Lib","sliCon","Republican",39,"CCdeg",55,"Dole"
520,7,"Mod","Mod","Con","Independent",34,"HS",55,"Clinton"
430,5,"Mod","sliCon","extCon","Democrat",53,"HS",55,"Clinton"
9,2,"sliLib","sliLib","Con","Independent",40,"BAdeg",55,"Clinton"
40,0,"sliLib","sliLib","Con","Democrat",48,"BAdeg",55,"Clinton"
2,7,"Con","sliCon","sliCon","Republican",59,"Coll",55,"Clinton"
75,7,"Con","Lib","Mod","Independent",54,"Coll",55,"Dole"
170,0,"sliLib","sliCon","Con","Democrat",41,"BAdeg",55,"Clinton"
170,1,"Lib","sliLib","Con","Democrat",41,"BAdeg",55,"Clinton"
640,5,"sliCon","sliLib","Con","Independent",63,"MAdeg",55,"Clinton"
2800,1,"extCon","extLib","Con","Independent",39,"HS",55,"Dole"
9,3,"extCon","Lib","sliCon","Independent",46,"HS",55,"Clinton"
150,7,"Mod","sliLib","Con","Democrat",55,"HS",55,"Clinton"
0,7,"Mod","extLib","sliCon","Independent",42,"HS",55,"Dole"
0,7,"Con","sliLib","Con","Independent",58,"HSdrop",55,"Dole"
100,0,"sliLib","Lib","Con","Independent",42,"Coll",55,"Clinton"
33,7,"Mod","sliLib","Mod","Independent",40,"BAdeg",55,"Dole"
310,7,"sliCon","Lib","sliCon","Democrat",56,"BAdeg",55,"Dole"
53,1,"Mod","sliCon","Lib","Independent",37,"Coll",55,"Clinton"
13,2,"sliLib","Lib","Con","Independent",37,"BAdeg",55,"Clinton"
290,6,"sliCon","extLib","sliCon","Republican",49,"BAdeg",55,"Dole"
310,7,"Con","extLib","Con","Republican",63,"Coll",55,"Dole"
0,7,"Con","Lib","sliCon","Republican",30,"MAdeg",55,"Dole"
54,7,"Mod","Lib","Con","Independent",62,"CCdeg",55,"Dole"
1600,0,"Mod","sliLib","Con","Democrat",30,"BAdeg",55,"Clinton"
14,0,"Con","sliLib","Con","Republican",34,"BAdeg",55,"Dole"
25,7,"Con","sliLib","Con","Republican",41,"Coll",55,"Dole"
45,0,"Mod","sliCon","Mod","Republican",43,"HS",55,"Dole"
20,2,"sliCon","Lib","Con","Independent",33,"CCdeg",55,"Clinton"
18,6,"Mod","sliLib","sliCon","Republican",67,"MAdeg",55,"Dole"
740,7,"sliCon","extLib","Con","Democrat",55,"CCdeg",55,"Dole"
9,6,"Lib","Lib","Con","Democrat",33,"CCdeg",55,"Clinton"
5,0,"Con","extLib","sliCon","Republican",61,"Coll",55,"Dole"
7300,7,"Mod","extLib","Con","Independent",45,"HS",55,"Clinton"
81,7,"Mod","sliLib","extCon","Democrat",34,"HS",55,"Clinton"
190,1,"Con","Lib","Con","Republican",35,"HS",55,"Dole"
51,1,"Mod","Mod","sliCon","Independent",50,"BAdeg",55,"Clinton"
7300,7,"sliLib","Mod","Lib","Democrat",38,"Coll",55,"Clinton"
350,0,"Con","Lib","Con","Republican",56,"HS",55,"Dole"
27,2,"Mod","extLib","Con","Republican",31,"HS",55,"Dole"
33,5,"Con","extLib","Mod","Republican",40,"MAdeg",55,"Dole"
50,4,"sliLib","Lib","Con","Democrat",44,"HS",55,"Clinton"
1,7,"Con","sliCon","Lib","Independent",39,"Coll",55,"Clinton"
11,1,"Mod","sliLib","Con","Democrat",45,"HS",55,"Clinton"
51,5,"sliLib","sliLib","Con","Democrat",72,"BAdeg",55,"Clinton"
160,7,"Lib","sliLib","sliCon","Democrat",44,"MAdeg",55,"Clinton"
16,7,"extLib","sliLib","Con","Democrat",61,"MAdeg",67.5,"Clinton"
110,6,"Con","Lib","Con","Republican",34,"MAdeg",67.5,"Dole"
110,4,"sliCon","Lib","sliCon","Republican",61,"BAdeg",67.5,"Dole"
13,6,"sliLib","sliLib","extCon","Democrat",67,"Coll",67.5,"Clinton"
220,7,"Mod","extLib","Mod","Republican",38,"BAdeg",67.5,"Dole"
470,7,"Mod","Lib","Con","Democrat",50,"BAdeg",67.5,"Clinton"
22,6,"Con","extLib","Con","Republican",62,"Coll",67.5,"Dole"
9,2,"Con","sliLib","Con","Republican",36,"BAdeg",67.5,"Dole"
22,3,"Con","sliLib","sliCon","Independent",50,"BAdeg",67.5,"Dole"
190,2,"Mod","Lib","extCon","Democrat",30,"BAdeg",67.5,"Clinton"
100,5,"Con","Lib","Con","Republican",59,"CCdeg",67.5,"Dole"
14,7,"sliLib","sliLib","Con","Democrat",62,"BAdeg",67.5,"Clinton"
0,7,"Mod","sliLib","Con","Independent",40,"Coll",67.5,"Clinton"
180,1,"Con","extLib","Con","Republican",30,"Coll",67.5,"Dole"
3,6,"sliLib","Lib","Con","Independent",47,"HS",67.5,"Clinton"
51,2,"sliCon","Lib","Con","Democrat",41,"BAdeg",67.5,"Clinton"
9,2,"Con","extLib","Con","Republican",35,"MAdeg",67.5,"Dole"
0,7,"sliCon","Lib","Con","Republican",45,"Coll",67.5,"Dole"
0,2,"Mod","Lib","Con","Independent",34,"BAdeg",67.5,"Dole"
71,2,"sliCon","extCon","Lib","Independent",55,"HS",67.5,"Clinton"
290,1,"sliCon","sliLib","Con","Independent",37,"Coll",67.5,"Clinton"
45,3,"sliCon","Lib","Mod","Independent",61,"MAdeg",67.5,"Dole"
0,3,"Mod","sliCon","Mod","Democrat",62,"HSdrop",67.5,"Clinton"
26,1,"sliCon","Lib","Con","Republican",54,"BAdeg",67.5,"Dole"
87,3,"Lib","sliLib","Con","Democrat",33,"BAdeg",67.5,"Clinton"
0,0,"Lib","sliLib","Con","Democrat",50,"BAdeg",67.5,"Clinton"
630,0,"sliLib","Mod","extCon","Independent",37,"HS",67.5,"Clinton"
50,5,"sliCon","sliLib","Con","Independent",44,"HS",67.5,"Dole"
35,7,"Mod","sliLib","Mod","Independent",78,"HS",67.5,"Clinton"
180,7,"Con","Lib","Mod","Republican",56,"HS",67.5,"Clinton"
32,0,"Lib","sliLib","Mod","Independent",29,"BAdeg",67.5,"Clinton"
0,7,"sliLib","Lib","sliCon","Independent",52,"BAdeg",67.5,"Clinton"
51,1,"Con","Mod","sliCon","Democrat",31,"HS",67.5,"Clinton"
40,0,"Con","sliLib","Con","Republican",34,"MAdeg",67.5,"Dole"
0,2,"sliCon","sliLib","Con","Republican",31,"MAdeg",67.5,"Dole"
0,7,"Mod","sliLib","sliCon","Independent",43,"BAdeg",67.5,"Clinton"
0,1,"Mod","Mod","sliLib","Republican",31,"HS",67.5,"Dole"
1,6,"Con","extLib","Con","Republican",63,"MAdeg",67.5,"Dole"
7,2,"Lib","sliLib","extCon","Independent",38,"Coll",67.5,"Clinton"
0,2,"Con","Lib","Con","Republican",31,"CCdeg",67.5,"Dole"
71,2,"Lib","extLib","extCon","Democrat",64,"HS",67.5,"Clinton"
75,2,"sliLib","Lib","sliCon","Republican",55,"MAdeg",67.5,"Clinton"
55,1,"Lib","Lib","Con","Democrat",41,"HS",67.5,"Clinton"
290,4,"sliLib","Mod","sliCon","Republican",38,"Coll",67.5,"Dole"
88,4,"Con","sliLib","Con","Republican",28,"BAdeg",67.5,"Dole"
0,7,"Mod","sliLib","sliCon","Republican",42,"CCdeg",67.5,"Dole"
16,7,"Lib","Mod","sliLib","Democrat",43,"Coll",67.5,"Clinton"
75,1,"sliCon","extLib","Con","Republican",37,"Coll",67.5,"Dole"
220,1,"Mod","Lib","Con","Independent",47,"CCdeg",67.5,"Clinton"
3,5,"sliCon","extLib","Con","Republican",52,"MAdeg",67.5,"Dole"
130,0,"sliCon","Lib","Con","Republican",32,"Coll",67.5,"Dole"
0,5,"Mod","Mod","sliLib","Independent",29,"HS",67.5,"Clinton"
110,2,"Con","Lib","sliCon","Independent",56,"HS",67.5,"Dole"
12,7,"Mod","sliLib","sliCon","Republican",63,"MAdeg",67.5,"Dole"
180,3,"sliLib","sliLib","Con","Democrat",35,"CCdeg",67.5,"Clinton"
93,7,"Mod","sliLib","sliCon","Independent",36,"Coll",67.5,"Dole"
170,7,"Mod","Lib","extCon","Democrat",75,"CCdeg",67.5,"Clinton"
31,5,"sliLib","sliLib","Con","Democrat",48,"BAdeg",67.5,"Clinton"
62,4,"extCon","Lib","Con","Republican",36,"CCdeg",67.5,"Dole"
30,4,"Mod","sliLib","Con","Independent",34,"BAdeg",67.5,"Clinton"
66,7,"Mod","sliLib","extCon","Democrat",35,"CCdeg",67.5,"Clinton"
3,3,"sliCon","Lib","sliCon","Republican",50,"Coll",67.5,"Dole"
18,3,"sliCon","Lib","sliCon","Republican",39,"MAdeg",67.5,"Dole"
350,5,"sliCon","Mod","Con","Republican",70,"MAdeg",67.5,"Dole"
71,7,"Mod","Lib","sliCon","Republican",76,"HS",67.5,"Dole"
3500,5,"sliCon","Lib","sliCon","Republican",35,"BAdeg",67.5,"Dole"
0,0,"sliLib","Mod","sliLib","Independent",53,"MAdeg",67.5,"Dole"
360,6,"sliCon","Lib","Con","Independent",46,"BAdeg",67.5,"Dole"
81,2,"sliCon","Lib","sliCon","Independent",34,"Coll",67.5,"Dole"
350,5,"Mod","Mod","Con","Republican",69,"Coll",67.5,"Clinton"
190,1,"sliCon","Lib","sliCon","Democrat",32,"HS",67.5,"Clinton"
0,7,"sliCon","extLib","Con","Republican",50,"HSdrop",67.5,"Dole"
290,1,"sliCon","sliLib","Con","Republican",35,"BAdeg",67.5,"Dole"
18,0,"Con","extLib","Con","Republican",67,"CCdeg",67.5,"Dole"
11,3,"sliCon","sliCon","Con","Republican",47,"HS",67.5,"Clinton"
2,2,"Con","sliLib","sliCon","Independent",50,"BAdeg",67.5,"Dole"
570,0,"Con","Lib","Con","Independent",32,"HS",67.5,"Dole"
310,3,"sliCon","Mod","Con","Independent",58,"CCdeg",67.5,"Clinton"
1,7,"sliLib","Lib","extCon","Democrat",49,"MAdeg",67.5,"Clinton"
0,2,"Con","sliLib","Con","Democrat",43,"Coll",67.5,"Dole"
35,1,"sliCon","Lib","Con","Republican",24,"BAdeg",67.5,"Dole"
22,7,"sliCon","sliLib","Mod","Independent",58,"MAdeg",67.5,"Clinton"
2,1,"Lib","Lib","sliCon","Democrat",43,"Coll",67.5,"Clinton"
0,7,"Mod","sliLib","Con","Republican",59,"HS",67.5,"Dole"
0,3,"Con","extLib","Con","Republican",40,"CCdeg",67.5,"Dole"
310,0,"sliCon","Lib","extCon","Democrat",35,"Coll",67.5,"Clinton"
470,5,"Lib","sliLib","sliCon","Democrat",48,"Coll",67.5,"Clinton"
0,4,"Con","extLib","Con","Republican",40,"HS",67.5,"Dole"
270,3,"sliLib","Lib","extCon","Democrat",48,"HS",67.5,"Clinton"
110,0,"Lib","Mod","Con","Democrat",47,"MAdeg",67.5,"Clinton"
50,3,"Con","Mod","extLib","Democrat",23,"HS",67.5,"Clinton"
0,0,"Con","extLib","Con","Republican",38,"HS",67.5,"Dole"
3,7,"Con","Lib","Con","Republican",81,"MAdeg",67.5,"Dole"
31,5,"sliLib","sliLib","Con","Democrat",48,"BAdeg",67.5,"Clinton"
22,7,"sliCon","Con","Lib","Independent",52,"HS",67.5,"Clinton"
83,2,"Mod","extLib","Con","Independent",24,"BAdeg",67.5,"Dole"
9,0,"Mod","Lib","Con","Democrat",21,"CCdeg",67.5,"Clinton"
5,7,"sliCon","Lib","Con","Republican",70,"BAdeg",67.5,"Dole"
0,7,"extCon","extLib","extCon","Republican",24,"BAdeg",67.5,"Dole"
0,7,"Mod","sliLib","sliCon","Democrat",57,"MAdeg",67.5,"Clinton"
0,6,"sliLib","sliCon","Con","Independent",37,"BAdeg",67.5,"Clinton"
27,1,"sliLib","sliCon","sliLib","Republican",25,"CCdeg",67.5,"Clinton"
110,1,"Con","sliCon","extLib","Democrat",33,"HS",67.5,"Clinton"
0,7,"Mod","Con","sliLib","Democrat",45,"HS",82.5,"Clinton"
0,3,"sliCon","Lib","extCon","Republican",42,"BAdeg",82.5,"Clinton"
350,3,"sliLib","sliLib","Con","Independent",47,"BAdeg",82.5,"Clinton"
0,7,"Con","extLib","Con","Republican",51,"MAdeg",82.5,"Dole"
5,7,"sliCon","Mod","Con","Republican",85,"HSdrop",82.5,"Clinton"
15,4,"sliLib","sliLib","Con","Independent",32,"MAdeg",82.5,"Clinton"
35,7,"sliLib","sliLib","Con","Independent",31,"MAdeg",82.5,"Clinton"
0,2,"Mod","sliLib","Con","Independent",23,"BAdeg",82.5,"Clinton"
75,3,"sliLib","sliLib","Con","Democrat",42,"BAdeg",82.5,"Clinton"
0,5,"Con","Lib","sliCon","Republican",55,"BAdeg",82.5,"Dole"
16,7,"Con","Lib","Con","Republican",45,"BAdeg",82.5,"Dole"
0,1,"Con","Lib","sliCon","Republican",35,"MAdeg",82.5,"Dole"
0,0,"Lib","Mod","Con","Democrat",45,"BAdeg",82.5,"Clinton"
0,0,"sliLib","sliLib","sliCon","Independent",42,"HS",82.5,"Clinton"
4,1,"Con","Lib","Con","Republican",37,"Coll",82.5,"Dole"
62,0,"Mod","Mod","Mod","Republican",38,"HS",82.5,"Dole"
0,3,"Lib","Lib","Con","Democrat",47,"MAdeg",82.5,"Clinton"
4,7,"Mod","Lib","Con","Independent",32,"BAdeg",82.5,"Clinton"
56,2,"sliCon","Lib","Con","Republican",35,"BAdeg",82.5,"Dole"
2,6,"Mod","Lib","Con","Republican",38,"Coll",82.5,"Dole"
0,0,"Mod","Mod","Mod","Independent",40,"HS",82.5,"Clinton"
75,7,"Con","Lib","sliCon","Republican",62,"BAdeg",82.5,"Dole"
10,2,"Lib","Lib","Con","Democrat",28,"MAdeg",82.5,"Clinton"
0,6,"Con","Lib","sliCon","Republican",59,"CCdeg",82.5,"Dole"
0,2,"extLib","Lib","Con","Democrat",25,"BAdeg",82.5,"Clinton"
220,2,"Mod","Lib","Con","Republican",31,"BAdeg",82.5,"Dole"
0,1,"extCon","Lib","Con","Republican",45,"Coll",82.5,"Dole"
75,0,"sliCon","Lib","extCon","Republican",42,"BAdeg",82.5,"Clinton"
0,3,"Lib","Lib","sliCon","Democrat",56,"MAdeg",82.5,"Clinton"
140,5,"sliLib","sliLib","Con","Democrat",47,"MAdeg",82.5,"Clinton"
290,1,"Con","Lib","sliCon","Republican",38,"BAdeg",82.5,"Dole"
350,7,"Mod","sliLib","extCon","Independent",47,"BAdeg",82.5,"Clinton"
55,1,"sliCon","Lib","Con","Republican",49,"Coll",82.5,"Dole"
31,3,"sliLib","sliLib","Con","Independent",29,"MAdeg",82.5,"Clinton"
17,7,"Lib","Lib","Con","Democrat",57,"BAdeg",82.5,"Clinton"
51,4,"Con","sliLib","sliCon","Republican",68,"HS",82.5,"Dole"
140,7,"Lib","Lib","Mod","Democrat",76,"BAdeg",82.5,"Clinton"
9,4,"Con","Lib","Con","Republican",66,"BAdeg",82.5,"Dole"
0,7,"sliCon","extLib","Con","Independent",59,"Coll",82.5,"Dole"
640,7,"sliCon","sliLib","Con","Independent",37,"MAdeg",82.5,"Clinton"
32,2,"sliCon","Lib","Con","Republican",38,"BAdeg",82.5,"Dole"
5,7,"Con","Lib","Con","Republican",47,"MAdeg",82.5,"Dole"
8,1,"sliCon","Lib","Mod","Republican",36,"MAdeg",82.5,"Dole"
18,0,"sliCon","Mod","Con","Democrat",45,"MAdeg",82.5,"Clinton"
0,6,"sliCon","Lib","Con","Republican",39,"MAdeg",82.5,"Dole"
0,1,"sliLib","Lib","Con","Democrat",34,"BAdeg",82.5,"Clinton"
0,3,"Con","Con","Mod","Democrat",49,"Coll",82.5,"Clinton"
31,2,"Con","Lib","Con","Republican",36,"BAdeg",82.5,"Dole"
350,7,"Con","extLib","Con","Republican",81,"CCdeg",82.5,"Dole"
20,1,"sliCon","Lib","Con","Independent",29,"Coll",82.5,"Dole"
70,3,"sliCon","sliLib","Mod","Democrat",45,"BAdeg",82.5,"Clinton"
31,3,"sliCon","Lib","Con","Republican",21,"Coll",82.5,"Dole"
3,7,"Lib","Mod","sliLib","Republican",33,"BAdeg",82.5,"Dole"
9,7,"Mod","Mod","Lib","Independent",44,"HS",97.5,"Clinton"
59,1,"Lib","Lib","Con","Independent",52,"MAdeg",97.5,"Clinton"
27,2,"sliLib","sliCon","extCon","Democrat",38,"Coll",97.5,"Clinton"
51,4,"Lib","sliLib","Con","Independent",44,"CCdeg",97.5,"Clinton"
9,7,"Con","Lib","Con","Republican",87,"MAdeg",97.5,"Dole"
0,2,"extCon","Lib","Con","Republican",22,"HS",97.5,"Dole"
88,0,"sliLib","sliLib","sliCon","Independent",32,"BAdeg",97.5,"Dole"
67,0,"Mod","sliCon","Con","Independent",69,"HS",97.5,"Clinton"
29,2,"Con","Lib","sliCon","Republican",49,"BAdeg",97.5,"Dole"
5,0,"Con","Lib","Con","Republican",53,"HS",97.5,"Dole"
0,0,"Con","extLib","Con","Republican",44,"BAdeg",97.5,"Dole"
900,1,"Con","Lib","extCon","Republican",34,"BAdeg",97.5,"Dole"
18,1,"Con","extLib","sliCon","Republican",55,"MAdeg",97.5,"Dole"
190,2,"sliLib","sliLib","Con","Democrat",35,"BAdeg",97.5,"Clinton"
2,7,"Mod","sliCon","sliCon","Independent",55,"HS",97.5,"Clinton"
5,3,"Con","sliLib","sliCon","Republican",27,"BAdeg",97.5,"Dole"
56,3,"Mod","Mod","sliCon","Democrat",26,"BAdeg",97.5,"Clinton"
75,7,"Mod","Lib","Con","Republican",54,"BAdeg",97.5,"Clinton"
56,0,"sliCon","Lib","Con","Republican",42,"Coll",97.5,"Dole"
0,5,"Con","extLib","Con","Republican",57,"MAdeg",97.5,"Dole"
0,0,"extCon","extLib","Mod","Republican",54,"BAdeg",97.5,"Dole"
75,6,"Con","sliLib","Con","Republican",55,"BAdeg",97.5,"Dole"
1600,7,"sliCon","sliLib","Con","Republican",50,"MAdeg",97.5,"Dole"
15,0,"sliCon","sliCon","Con","Democrat",57,"MAdeg",97.5,"Clinton"
19,3,"sliCon","sliLib","extCon","Independent",46,"Coll",97.5,"Clinton"
16,7,"Con","Lib","Con","Republican",53,"BAdeg",97.5,"Dole"
42,2,"sliLib","sliLib","sliCon","Democrat",32,"MAdeg",97.5,"Clinton"
18,5,"sliCon","Lib","sliCon","Independent",53,"CCdeg",97.5,"Dole"
0,3,"sliLib","sliLib","Con","Democrat",39,"BAdeg",97.5,"Clinton"
310,1,"sliCon","Lib","sliCon","Independent",47,"BAdeg",97.5,"Dole"
1600,7,"sliCon","Lib","Mod","Independent",57,"Coll",97.5,"Clinton"
23,5,"Con","sliLib","Con","Republican",49,"BAdeg",97.5,"Dole"
20,1,"sliCon","Mod","Con","Republican",31,"CCdeg",97.5,"Clinton"
51,5,"sliCon","sliLib","sliCon","Republican",43,"BAdeg",97.5,"Dole"
0,2,"sliCon","Lib","sliCon","Independent",44,"BAdeg",97.5,"Dole"
0,4,"Mod","sliLib","Con","Democrat",39,"BAdeg",97.5,"Clinton"
0,2,"Con","extLib","Con","Republican",49,"Coll",97.5,"Dole"
18,7,"sliCon","Mod","Con","Independent",72,"BAdeg",97.5,"Dole"
7300,7,"sliCon","Lib","Con","Republican",50,"BAdeg",97.5,"Dole"
110,1,"sliCon","Lib","Con","Republican",28,"Coll",97.5,"Dole"
0,0,"sliCon","Lib","extCon","Independent",48,"MAdeg",97.5,"Dole"
3500,1,"sliLib","Mod","extCon","Democrat",32,"BAdeg",97.5,"Clinton"
720,7,"sliCon","sliCon","sliCon","Democrat",63,"Coll",97.5,"Clinton"
9,4,"Mod","sliCon","Con","Republican",36,"Coll",97.5,"Dole"
47,7,"Con","sliLib","Con","Republican",36,"BAdeg",97.5,"Dole"
350,7,"sliLib","Lib","extCon","Independent",53,"HS",97.5,"Clinton"
0,5,"Lib","Lib","Con","Independent",44,"MAdeg",97.5,"Clinton"
0,0,"Mod","Lib","Con","Republican",41,"MAdeg",115,"Dole"
83,0,"Lib","sliLib","Con","Democrat",56,"MAdeg",115,"Clinton"
1,4,"Mod","Mod","Con","Independent",63,"MAdeg",115,"Clinton"
190,7,"Lib","Mod","Con","Democrat",52,"BAdeg",115,"Clinton"
0,7,"sliLib","sliLib","extCon","Independent",43,"MAdeg",115,"Clinton"
12,7,"Mod","sliLib","Con","Independent",40,"HS",115,"Clinton"
9,5,"sliCon","extLib","extCon","Independent",69,"Coll",115,"Dole"
23,7,"Lib","Lib","Con","Democrat",49,"MAdeg",115,"Clinton"
9,1,"sliLib","sliLib","Con","Independent",65,"MAdeg",115,"Clinton"
18,5,"Con","extLib","Con","Republican",53,"MAdeg",115,"Dole"
0,5,"sliCon","sliLib","sliCon","Republican",50,"Coll",115,"Dole"
12,3,"Lib","Mod","Con","Democrat",27,"CCdeg",115,"Clinton"
0,6,"sliCon","sliLib","sliCon","Republican",44,"BAdeg",115,"Dole"
170,2,"Lib","sliLib","sliCon","Democrat",54,"MAdeg",115,"Clinton"
0,7,"Mod","Lib","Con","Independent",33,"CCdeg",115,"Dole"
9,0,"Mod","Mod","Con","Independent",48,"MAdeg",115,"Clinton"
23,3,"sliCon","Lib","Con","Republican",54,"CCdeg",115,"Dole"
0,0,"Con","Lib","sliCon","Republican",56,"HS",115,"Dole"
9,1,"Lib","Mod","extCon","Independent",34,"MAdeg",115,"Clinton"
290,7,"Con","Mod","extCon","Republican",41,"BAdeg",115,"Clinton"
1,0,"sliCon","extLib","sliCon","Republican",40,"BAdeg",115,"Dole"
350,1,"extCon","Lib","Con","Republican",55,"BAdeg",115,"Dole"
20,0,"Mod","sliLib","sliCon","Republican",38,"BAdeg",115,"Dole"
0,3,"Con","Lib","Con","Republican",40,"BAdeg",115,"Dole"
23,1,"Con","extLib","Con","Republican",46,"Coll",115,"Dole"
150,4,"sliLib","sliLib","Mod","Democrat",26,"BAdeg",115,"Clinton"
31,0,"sliCon","Lib","extCon","Independent",49,"BAdeg",115,"Clinton"
0,7,"Mod","extLib","sliCon","Republican",51,"CCdeg",115,"Dole"
9,2,"sliCon","Lib","Con","Independent",46,"BAdeg",115,"Clinton"
47,0,"sliLib","Mod","Con","Independent",40,"MAdeg",115,"Clinton"
900,0,"sliLib","Mod","extCon","Independent",30,"CCdeg",115,"Clinton"
83,3,"Lib","sliLib","Con","Independent",45,"CCdeg",115,"Clinton"
18,7,"sliCon","Mod","Con","Independent",52,"MAdeg",115,"Dole"
0,0,"Con","extLib","sliCon","Republican",36,"BAdeg",115,"Dole"
20,0,"Mod","sliLib","sliCon","Independent",49,"BAdeg",115,"Clinton"
24,7,"sliLib","Mod","sliCon","Democrat",38,"MAdeg",115,"Clinton"
18,0,"Lib","Mod","Con","Democrat",51,"MAdeg",115,"Clinton"
9,3,"sliLib","Lib","sliCon","Democrat",47,"BAdeg",115,"Clinton"
0,1,"Con","extLib","sliCon","Republican",52,"MAdeg",115,"Dole"
9,0,"Con","Lib","Con","Republican",33,"BAdeg",115,"Dole"
0,4,"Mod","Lib","Con","Republican",50,"Coll",115,"Dole"
18,7,"Con","Lib","sliCon","Independent",48,"MAdeg",115,"Dole"
19,3,"Lib","Lib","Con","Democrat",36,"BAdeg",115,"Clinton"
31,3,"Lib","sliLib","Con","Democrat",35,"MAdeg",115,"Clinton"
3500,7,"extCon","sliLib","sliCon","Independent",34,"MAdeg",115,"Clinton"
0,7,"Lib","Mod","sliCon","Independent",53,"BAdeg",115,"Clinton"
33,0,"Mod","sliLib","Con","Independent",33,"MAdeg",115,"Clinton"
0,1,"Con","sliLib","Con","Republican",52,"BAdeg",115,"Dole"
18,3,"Mod","sliLib","Con","Independent",44,"MAdeg",115,"Clinton"
0,0,"sliLib","Mod","Mod","Democrat",48,"BAdeg",115,"Clinton"
31,3,"sliCon","Lib","Con","Republican",20,"Coll",115,"Dole"
0,5,"sliLib","Lib","Mod","Republican",45,"BAdeg",115,"Dole"
59,7,"Mod","Lib","Con","Independent",70,"HS",115,"Clinton"
0,0,"sliLib","sliLib","Mod","Independent",39,"HS",115,"Clinton"
7300,7,"sliLib","sliLib","sliCon","Democrat",40,"MAdeg",115,"Dole"
75,4,"sliCon","Lib","extCon","Republican",62,"BAdeg",115,"Dole"
0,7,"sliCon","Lib","Con","Independent",46,"BAdeg",115,"Dole"
27,7,"Mod","Mod","extCon","Independent",46,"HS",115,"Clinton"
1600,7,"Mod","Lib","sliCon","Republican",56,"MAdeg",115,"Dole"
0,7,"Con","sliLib","Con","Republican",55,"MAdeg",115,"Dole"
0,7,"Con","Lib","Con","Republican",41,"Coll",115,"Dole"
7300,1,"Lib","sliLib","Con","Democrat",43,"MAdeg",115,"Clinton"
16,7,"extCon","extLib","extCon","Republican",34,"HS",115,"Dole"
0,7,"extCon","extLib","Con","Independent",73,"BAdeg",115,"Dole"
0,7,"sliCon","Lib","Con","Republican",50,"BAdeg",115,"Dole"
0,3,"Con","Lib","extCon","Republican",43,"BAdeg",115,"Dole"
0,6,"Con","Lib","sliCon","Republican",46,"MAdeg",115,"Dole"
18,7,"Mod","Lib","Con","Independent",61,"MAdeg",115,"Dole"
